<?xml version="1.0" encoding="utf-8"?>
<install type="module" version="1.5" method="upgrade" client="site">
    <name>Video Category</name>
    <version>3.4.1</version>
    <license>http://www.gnu.org/licenses/gpl-2.0.html GNU/GPL</license>
    <copyright>Copyright (C) 2011 Powered by Apptha</copyright>
    <description>Video Category Module for Contus HD Video Share</description>
    <creationDate>May 2013</creationDate>
    <author>Apptha</author>
    <authorEmail>support@apptha.com</authorEmail>
    <authorUrl>http://www.apptha.com</authorUrl>
     <scriptfile>script.php</scriptfile>
    <files>
        <filename module='mod_HDVideoShareCategories'>mod_HDVideoShareCategories.php</filename>
        <filename>helper.php</filename>
        <filename>index.html</filename>
        <folder>tmpl</folder>
        <folder>language</folder>
    </files>
    <languages>
         <language tag="en-GB">language/en-GB.mod_HDVideoShareCategories.ini</language>
    </languages>
    <params>
    <param name="moduleclass_sfx" type="text" default="/modules/mod_HDVideoShareCategories/fields" label="Module Class Suffix" description="PARAMMODULECLASSSUFFIX" />
    </params>
    <config>
        <fields name="params">
            <fieldset name="basic" addfieldpath="/modules/mod_HDVideoShareCategories/fields">
                <field name="moduleclass_sfx" type="text" default="" label="Module Class Suffix" description="PARAMMODULECLASSSUFFIX" />
            </fieldset>
        </fields>
    </config>
</install>