<?xml version="1.0" encoding="utf-8"?>
<extension type="module" version="1.5" method="upgrade" client="site">
    <name>Popular Videos</name>
    <version>3.4.1</version>
    <license>http://www.gnu.org/licenses/gpl-2.0.html GNU/GPL</license>
    <copyright>Copyright (C) 2011 Powered by Apptha</copyright>
    <description>Popular Videos Module for Contus HD Video Share</description>
    <creationDate>May 2013</creationDate>
    <author>Apptha</author>
    <authorEmail>support@apptha.com</authorEmail>
    <authorUrl>http://www.apptha.com</authorUrl>
    <scriptfile>script.php</scriptfile>
    <files >
        <filename module='mod_HDVideoSharePopular'>mod_HDVideoSharePopular.php</filename>
        <filename>helper.php</filename>
        <filename>index.html</filename>
        <folder>tmpl</folder>
        <folder>language</folder>
    </files>
     <languages>
         <language tag="en-GB">language/en-GB/en-GB.mod_HDVideoSharePopular.ini</language>
    </languages>
    <config>
        <fields name="params">
            <fieldset name="basic" addfieldpath="/modules/HDVideoSharePopular/fields">
                <field name="moduleclass_sfx" type="text" default="" label="Module Class Suffix" description="PARAMMODULECLASSSUFFIX" />
            </fieldset>
        </fields>
    </config>
</extension>